Model,MAE,MSE,RMSE,R2
Linear Regression,13.95411584155705,274.7728409590766,16.57627343401033,0.9669849785800172
