Model,MAE,MSE,RMSE,R2
Naive,13.788027579901312,266.13862593520906,16.313755727459238,0.9680224129675016
