Model,MAE,MSE,RMSE,R2
Neural Network,11.68043052188931,172.58646074688036,13.137216628604415,0.9760351553911855
Linear Regression,13.95411584155705,274.7728409590766,16.57627343401033,0.9669849785800172
Naive,13.788027579901312,266.13862593520906,16.313755727459238,0.9680224129675016
