Window_Size,MAE,MSE,RMSE,R2
3,12.159527236282976,215.3690062713403,14.675455913576938,0.9728154857932685
6,7.649596737686248,89.1211155517355,9.440398061084897,0.9885784178168149
12,7.593744954257339,83.38835659784864,9.131722542754387,0.9884209398616572
24,11.201643670918882,165.4365297378641,12.862213251919908,0.9733362906952495
36,14.491333549349275,259.17957524985155,16.09905510425539,0.9501245180674591
48,8.82584505418012,110.5434658628033,10.513965277800917,0.974524993012099
